cases,deaths,doctor_visits,wili,wcli
0.0,0.0,0.0,0.0,0.0
0.0,0.0,0.0,0.0,0.0
1.0,0.0,0.059743,0.0,0.0
0.0,0.0,0.103407,0.0,0.0
3.0,0.0,0.325202,0.0,0.0
4.0,0.0,0.565127,0.0,0.0
2.0,0.0,0.868055,0.1,0.0
13.0,0.0,1.027653,0.3,0.0
6.0,0.0,1.136545,0.0,0.0
20.0,2.0,4.713135,0.4068544,0.4068544